Workbook

Sheet PIN_MUX
A1: ZY PAD NAME | B1: ZY PAD TYPE | C1: FH8858v310 （外置DDR） | D1: PAD NAME | E1: Voltage(v) | F1: FUNC0 | G1: FUNC1 | H1: FUNC2 | I1: FUNC3 | J1: FUNC4 | K1: FUNC5 | L1: FUNC7 | M1: FUNC9 | N1: 摇头机 无MCU SPI电机 | O1: 摇头机 无MCU SPI+PWM电机 | P1: 摇头机 无MCU PWM电机 | Q1: HL_MAIN 主板 | R1: FH8858v310 APP板 | S1: BGA模组
A2: RESETN | B2: PRUW08SDGZ_H_G | C2: =IFERROR( INDEX( temp_file!$B$1:$B$180,MATCH($D2,temp_file!$A$1:$A$180,0)), "#N/A" ) -> D1 | D2: RESETN | E2: 1.8V (不可配） | F2: RESETN | N2: RESETN | O2: RESETN | P2: RESETN | Q2: RESETN | R2: RESETN | S2: RESETN
A3: CLK_IN | B3: PDXOEDG_H_G | C3: =IFERROR( INDEX( temp_file!$B$1:$B$180,MATCH($D3,temp_file!$A$1:$A$180,0)), "#N/A" ) -> E1 | D3: CLK_IN | E3: 1.8V (不可配） | F3: CLK_IN | N3: CLK_IN | O3: CLK_IN | P3: CLK_IN | Q3: CLK_IN | R3: CLK_IN | S3: CLK_IN
A4: CLK | B4: PDXOEDG_H_G | C4: =IFERROR( INDEX( temp_file!$B$1:$B$180,MATCH($D4,temp_file!$A$1:$A$180,0)), "#N/A" ) -> E2 | D4: CLK | E4: 1.8V (不可配） | F4: CLK_OUT | N4: CLK_OUT | O4: CLK_OUT | P4: CLK_OUT | Q4: CLK_OUT | R4: CLK_OUT | S4: CLK_OUT
C5: =IFERROR( INDEX( temp_file!$B$1:$B$180,MATCH($D5,temp_file!$A$1:$A$180,0)), "#N/A" ) -> V4 | D5: BOOT_MODE | E5: 3.3V | F5: GPIO30 | N5: BOOT_MODE | O5: BOOT_MODE | P5: BOOT_MODE | Q5: BOOT_MODE | R5: BOOT_MODE | S5: BOOT_MODE
C6: =IFERROR( INDEX( temp_file!$B$1:$B$180,MATCH($D6,temp_file!$A$1:$A$180,0)), "#N/A" ) -> W4 | D6: BOOT_SEL1 | E6: 3.3V | F6: GPIO31 | G6: ETH_LINK_ACT_LED | N6: BOOT_SEL1 | O6: BOOT_SEL1 | P6: BOOT_SEL1 | Q6: BOOT_SEL1 | R6: BOOT_SEL1 | S6: BOOT_SEL1
C7: =IFERROR( INDEX( temp_file!$B$1:$B$180,MATCH($D7,temp_file!$A$1:$A$180,0)), "#N/A" ) -> Y4 | D7: BOOT_SEL0 | E7: 3.3V | F7: GPIO32 | G7: ETH_LINK_STA_LED | H7: ETH_LINK_SPD_LED | N7: BOOT_SEL0 | O7: BOOT_SEL0 | P7: BOOT_SEL0 | Q7: BOOT_SEL0 | R7: BOOT_SEL0 | S7: BOOT_SEL0
C8: =IFERROR( INDEX( temp_file!$B$1:$B$180,MATCH($D8,temp_file!$A$1:$A$180,0)), "#N/A" ) -> H16 | D8: UART0_TX | E8: 3.3V | F8: UART0_TX | G8: GPIO33 | N8: UART0_TX | O8: UART0_TX | P8: UART0_TX | Q8: UART0_TX | R8: UART0_TX | S8: UART0_TX
C9: =IFERROR( INDEX( temp_file!$B$1:$B$180,MATCH($D9,temp_file!$A$1:$A$180,0)), "#N/A" ) -> J15 | D9: UART0_RX | E9: 3.3V | F9: UART0_RX | G9: GPIO34 | N9: UART0_RX | O9: UART0_RX | P9: UART0_RX | Q9: UART0_RX | R9: UART0_RX | S9: UART0_RX
A10: I2C0_SDA | B10: PRWHSWCDGSD_H | C10: =IFERROR( INDEX( temp_file!$B$1:$B$180,MATCH($D10,temp_file!$A$1:$A$180,0)), "#N/A" ) -> R16 | D10: I2C0_SCL | E10: 1.8V (不可配） | F10: I2C0_SCL | G10: GPIO35 | N10: I2C0_SCL | O10: I2C0_SCL | P10: I2C0_SCL | Q10: I2C0_SCL | R10: I2C0_SCL | S10: I2C0_SCL
A11: I2C0_SCL | B11: PRWHSWCDGSD_H | C11: =IFERROR( INDEX( temp_file!$B$1:$B$180,MATCH($D11,temp_file!$A$1:$A$180,0)), "#N/A" ) -> R17 | D11: I2C0_SDA | E11: 1.8V (不可配） | F11: I2C0_SDA | G11: GPIO36 | N11: I2C0_SDA | O11: I2C0_SDA | P11: I2C0_SDA | Q11: I2C0_SDA | R11: I2C0_SDA | S11: I2C0_SDA
A12: GPIO_12 | B12: PRWHSWCDGSD_H | C12: =IFERROR( INDEX( temp_file!$B$1:$B$180,MATCH($D12,temp_file!$A$1:$A$180,0)), "#N/A" ) -> R18 | D12: SENSOR_CLK | E12: 1.8V (不可配） | F12: SENSOR_CLK | G12: GPIO12 | N12: SENSOR_CLK | O12: SENSOR_CLK | P12: SENSOR_CLK | Q12: SENSOR_CLK | R12: SENSOR_CLK | S12: SENSOR_CLK
A13: GPIO_13 | B13: PRWHSWCDGSD_H | C13: =IFERROR( INDEX( temp_file!$B$1:$B$180,MATCH($D13,temp_file!$A$1:$A$180,0)), "#N/A" ) -> P16 | D13: SENSOR_RSTN | E13: 1.8V (不可配） | F13: GPIO13 | N13: SENSOR_RSTN | O13: SENSOR_RSTN | P13: SENSOR_RSTN | Q13: SENSOR_RSTN | R13: SENSOR_RSTN | S13: SENSOR_RSTN
A14: GPIO_14 | B14: PRWHSWCDGSD_H | C14: =IFERROR( INDEX( temp_file!$B$1:$B$180,MATCH($D14,temp_file!$A$1:$A$180,0)), "#N/A" ) -> N2 | D14: UART1_TX | E14: 3.3V | F14: UART1_TX | G14: GPIO39 | H14: PWM10 | I14: SD1_CLK | N14: UART1_TX | O14: UART1_TX | P14: UART1_TX | Q14: UART1_TX | R14: UART1_TX | S14: AF1_NSLEEP
A15: MAC_REF_CLK | B15: PRWHSWCDGSD_H | C15: =IFERROR( INDEX( temp_file!$B$1:$B$180,MATCH($D15,temp_file!$A$1:$A$180,0)), "#N/A" ) -> N1 | D15: UART1_RX | E15: 3.3V | F15: UART1_RX | G15: GPIO40 | H15: PWM11 | I15: SD1_CD | N15: UART1_RX | O15: UART1_RX | P15: UART1_RX | Q15: UART1_RX | R15: UART1_RX | S15: AF2_NSLEEP
A16: MAC_RMII_CLK | B16: PRWHSWCDGSD_H | C16: =IFERROR( INDEX( temp_file!$B$1:$B$180,MATCH($D16,temp_file!$A$1:$A$180,0)), "#N/A" ) -> M2 | D16: I2C1_SCL | E16: 3.3V | F16: I2C1_SCL | G16: GPIO37 | H16: PWM2 | I16: SD1_CMD_RSP | J16: STM_H_0 | K16: SSI1_CLK | N16: 电机 SSI1_CLK | O16: 水平电机 SSI1_CLK | P16: 水平电机 PWM2 | Q16: PWM2 | R16: 水平电机 PWM2 | S16: 电机 PWM2
A17: MAC_RXD_0 | B17: PRWHSWCDGSD_H | C17: =IFERROR( INDEX( temp_file!$B$1:$B$180,MATCH($D17,temp_file!$A$1:$A$180,0)), "#N/A" ) -> L1 | D17: I2C1_SDA | E17: 3.3V | F17: I2C1_SDA | G17: GPIO38 | H17: PWM3 | I17: SD1_DATA_0 | J17: STM_H_1 | K17: SSI1_CSN_0 | N17: 电机 SSI1_CSN_0 | O17: 水平电机 SSI1_CSN_0 | P17: 水平电机 PWM3 | Q17: PWM3 | R17: 水平电机 PWM3 | S17: 电机 PWM3
A18: MAC_RXD_1 | B18: PRWHSWCDGSD_H | C18: =IFERROR( INDEX( temp_file!$B$1:$B$180,MATCH($D18,temp_file!$A$1:$A$180,0)), "#N/A" ) -> L3 | D18: UART2_TX | E18: 3.3V | F18: UART2_TX | G18: GPIO41 | H18: PWM4 | I18: SD1_DATA_1 | J18: STM_H_2 | K18: SSI1_TXD | N18: 电机 SSI1_TXD | O18: 水平电机 SSI1_TXD | P18: 水平电机 PWM4 | Q18: PWM4 | R18: 水平电机 PWM4 | S18: 电机 PWM4/UART2_TX
A19: MAC_RXDV | B19: PRWHSWCDGSD_H | C19: =IFERROR( INDEX( temp_file!$B$1:$B$180,MATCH($D19,temp_file!$A$1:$A$180,0)), "#N/A" ) -> K3 | D19: UART2_RX | E19: 3.3V | F19: UART2_RX | G19: GPIO42 | H19: PWM5 | I19: SD1_DATA_2 | J19: STM_H_3 | K19: SSI1_RXD | N19: 电机 SSI1_RXD | O19: 水平电机 SSI1_RXD | P19: 水平电机 PWM5 | Q19: PWM5 | R19: 水平电机 PWM5 | S19: 电机 PWM5/UART2_RX
A20: MAC_TXD_0 | B20: PRWHSWCDGSD_H | C20: =IFERROR( INDEX( temp_file!$B$1:$B$180,MATCH($D20,temp_file!$A$1:$A$180,0)), "#N/A" ) -> P2 | D20: USB_PWREN | E20: 3.3V | F20: USB_PWREN | G20: GPIO47 | I20: SD1_DATA_3 | N20: USB_PWREN | O20: USB_PWREN | P20: USB_PWREN | Q20: USB_PWREN | R20: USB_PWREN | S20: USB_PWREN(WIFI&4G RESET)
A21: MAC_TXD_1 | B21: PRWHSWCDGSD_H | C21: =IFERROR( INDEX( temp_file!$B$1:$B$180,MATCH($D21,temp_file!$A$1:$A$180,0)), "#N/A" ) -> G16 | D21: PWM0 | E21: 3.3V | F21: PWM0 | G21: GPIO43 | H21: I2C2_SCL | I21: UART2_TX | N21: VD_FZ | O21: VD_FZ | P21: ICR_ON | Q21: ICR_ON/WIFI_INT/AK7755复位 | R21: ICR_ON | S21: W_LIGHT（白光PWM）
A22: MAC_TXEN | B22: PRWHSWCDGSD_H | C22: =IFERROR( INDEX( temp_file!$B$1:$B$180,MATCH($D22,temp_file!$A$1:$A$180,0)), "#N/A" ) -> F16 | D22: PWM1 | E22: 3.3V | F22: PWM1 | G22: GPIO44 | H22: I2C2_SDA | I22: UART2_RX | N22: 出厂复位 | O22: 出厂复位 | P22: 出厂复位 | Q22: 出厂复位/WL_REG_ON | R22: 出厂复位 | S22: IR_LIGHT (红外PWM)
A23: MAC_MDC | B23: PRWHSWCDGSD_H | C23: =IFERROR( INDEX( temp_file!$B$1:$B$180,MATCH($D23,temp_file!$A$1:$A$180,0)), "#N/A" ) -> M3 | D23: PWM2 | E23: 3.3V | F23: PWM2 | G23: GPIO45 | Q23: PWM2 | R23: SD0卡使能
A24: MAC_MDIO | B24: PRWHSWCDGSD_H | C24: =IFERROR( INDEX( temp_file!$B$1:$B$180,MATCH($D24,temp_file!$A$1:$A$180,0)), "#N/A" ) -> N3 | D24: PWM3 | E24: 3.3V | F24: PWM3 | G24: GPIO46 | Q24: PWM3 | R24: SD1卡使能
A25: SD0_CD | B25: PRWHSWCDGSD_H | C25: Y8 | D25: MAC_RMII_CLK | E25: 3.3V | F25: MAC_RMII_CLK | G25: GPIO48 | H25: SD1_CLK | I25: PWM2 | J25: STM_H_0 | N25: #N/A | O25: #N/A | P25: #N/A | Q25: MAC_RMII_CLK | R25: MAC_RMII_CLK
A26: SD0_CMD_RSP | B26: PRWHSWCDGSD_H | C26: =IFERROR( INDEX( temp_file!$B$1:$B$180,MATCH($D26,temp_file!$A$1:$A$180,0)), "#N/A" ) -> V9 | D26: MAC_TXD_0 | E26: 3.3V | F26: MAC_TXD_0 | G26: GPIO49 | H26: SD1_CD | I26: PWM3 | J26: STM_H_1 | N26: #N/A | O26: #N/A | P26: #N/A | Q26: MAC_TXD_0 | R26: MAC_TXD_0
A27: SD0_DATA_0 | B27: PRWHSWCDGSD_H | C27: =IFERROR( INDEX( temp_file!$B$1:$B$180,MATCH($D27,temp_file!$A$1:$A$180,0)), "#N/A" ) -> U9 | D27: MAC_TXD_1 | E27: 3.3V | F27: MAC_TXD_1 | G27: GPIO50 | H27: SD1_CMD_RSP | I27: PWM4 | J27: STM_H_2 | N27: #N/A | O27: #N/A | P27: #N/A | Q27: MAC_TXD_1 | R27: MAC_TXD_1
A28: SD0_DATA_1 | B28: PRWHSWCDGSD_H | C28: =IFERROR( INDEX( temp_file!$B$1:$B$180,MATCH($D28,temp_file!$A$1:$A$180,0)), "#N/A" ) -> W9 | D28: MAC_TXEN | E28: 3.3V | F28: MAC_TXEN | G28: GPIO51 | H28: SD1_DATA_0 | I28: PWM5 | J28: STM_H_3 | N28: #N/A | O28: #N/A | P28: #N/A | Q28: MAC_TXEN | R28: MAC_TXEN
A29: SD0_DATA_2 | B29: PRWHSWCDGSD_H | C29: =IFERROR( INDEX( temp_file!$B$1:$B$180,MATCH($D29,temp_file!$A$1:$A$180,0)), "#N/A" ) -> V8 | D29: MAC_RXD_0 | E29: 3.3V | F29: MAC_RXD_0 | G29: GPIO52 | H29: SD1_DATA_1 | I29: PWM6 | J29: STM_V_0 | N29: #N/A | O29: #N/A | P29: #N/A | Q29: MAC_RXD_0 | R29: MAC_RXD_0
A30: SD0_DATA_3 | B30: PRWHSWCDGSD_H | C30: =IFERROR( INDEX( temp_file!$B$1:$B$180,MATCH($D30,temp_file!$A$1:$A$180,0)), "#N/A" ) -> W8 | D30: MAC_RXD_1 | E30: 3.3V | F30: MAC_RXD_1 | G30: GPIO53 | H30: SD1_DATA_2 | I30: PWM7 | J30: STM_V_1 | N30: #N/A | O30: #N/A | P30: #N/A | Q30: MAC_RXD_1 | R30: MAC_RXD_1
A31: SD0_WP | B31: PRWHSWCDGSD_H | C31: =IFERROR( INDEX( temp_file!$B$1:$B$180,MATCH($D31,temp_file!$A$1:$A$180,0)), "#N/A" ) -> Y9 | D31: MAC_RXDV | E31: 3.3V | F31: MAC_RXDV | G31: GPIO54 | H31: SD1_DATA_3 | I31: PWM8 | J31: STM_V_2 | N31: #N/A | O31: #N/A | P31: #N/A | Q31: MAC_RXDV | R31: MAC_RXDV
A32: GPIO_0 | B32: PRWHSWCDGSD_H | C32: =IFERROR( INDEX( temp_file!$B$1:$B$180,MATCH($D32,temp_file!$A$1:$A$180,0)), "#N/A" ) -> U8 | D32: MAC_MDC | E32: 3.3V | F32: MAC_MDC | G32: GPIO55 | I32: PWM9 | J32: STM_V_3 | N32: #N/A | O32: #N/A | P32: #N/A | Q32: MAC_MDC | R32: MAC_MDC
A33: GPIO_1 | B33: PRWHSWCDGSD_H | C33: =IFERROR( INDEX( temp_file!$B$1:$B$180,MATCH($D33,temp_file!$A$1:$A$180,0)), "#N/A" ) -> V7 | D33: MAC_MDIO | E33: 3.3V | F33: MAC_MDIO | G33: GPIO56 | N33: #N/A | O33: #N/A | P33: #N/A | Q33: MAC_MDIO | R33: MAC_MDIO
A34: GPIO_2 | B34: PRWHSWCDGSD_H | C34: =IFERROR( INDEX( temp_file!$B$1:$B$180,MATCH($D34,temp_file!$A$1:$A$180,0)), "#N/A" ) -> V13 | D34: SD1_CLK | E34: 3.3V | F34: SD1_CLK | G34: GPIO57 | H34: I2C1_SCL | N34: #N/A | O34: #N/A | P34: #N/A | Q34: SD1_CLK | R34: SD1_CLK
A35: GPIO_3 | B35: PRWHSWCDGSD_H | C35: =IFERROR( INDEX( temp_file!$B$1:$B$180,MATCH($D35,temp_file!$A$1:$A$180,0)), "#N/A" ) -> V14 | D35: SD1_CD | E35: 3.3V | F35: SD1_CD | G35: GPIO58 | H35: I2C1_SDA | N35: #N/A | O35: #N/A | P35: #N/A | Q35: SD1_CD | R35: SD1_CD
A36: GPIO_4 | B36: PRWHSWCDGSD_H | C36: =IFERROR( INDEX( temp_file!$B$1:$B$180,MATCH($D36,temp_file!$A$1:$A$180,0)), "#N/A" ) -> U13 | D36: SD1_CMD_RSP | E36: 3.3V | F36: SD1_CMD_RSP | G36: GPIO59 | H36: UART1_TX | N36: #N/A | O36: #N/A | P36: #N/A | Q36: SD1_CMD_RSP | R36: SD1_CMD_RSP
A37: GPIO_5 | B37: PRWHSWCDGSD_H | C37: =IFERROR( INDEX( temp_file!$B$1:$B$180,MATCH($D37,temp_file!$A$1:$A$180,0)), "#N/A" ) -> U12 | D37: SD1_DATA_0 | E37: 3.3V | F37: SD1_DATA_0 | G37: GPIO60 | H37: UART1_RX | N37: #N/A | O37: s | P37: #N/A | Q37: SD1_DATA_0 | R37: SD1_DATA_0
A38: GPIO_6 | B38: PRWHSWCDGSD_H | C38: =IFERROR( INDEX( temp_file!$B$1:$B$180,MATCH($D38,temp_file!$A$1:$A$180,0)), "#N/A" ) -> V12 | D38: SD1_DATA_1 | E38: 3.3V | F38: SD1_DATA_1 | G38: GPIO61 | H38: UART2_TX | N38: #N/A | O38: #N/A | P38: #N/A | Q38: SD1_DATA_1 | R38: SD1_DATA_1
A39: GPIO_7 | B39: PRWHSWCDGSD_H | C39: =IFERROR( INDEX( temp_file!$B$1:$B$180,MATCH($D39,temp_file!$A$1:$A$180,0)), "#N/A" ) -> V11 | D39: SD1_DATA_2 | E39: 3.3V | F39: SD1_DATA_2 | G39: GPIO62 | H39: UART2_RX | N39: #N/A | O39: #N/A | P39: #N/A | Q39: SD1_DATA_2 | R39: SD1_DATA_2
A40: GPIO_8 | B40: PRWHSWCDGSD_H | C40: =IFERROR( INDEX( temp_file!$B$1:$B$180,MATCH($D40,temp_file!$A$1:$A$180,0)), "#N/A" ) -> U11 | D40: SD1_DATA_3 | E40: 3.3V | F40: SD1_DATA_3 | G40: GPIO63 | N40: #N/A | O40: #N/A | P40: #N/A | Q40: SD1_DATA_3 | R40: SD1_DATA_3
A41: GPIO_9 | B41: PRWHSWCDGSD_H | C41: =IFERROR( INDEX( temp_file!$B$1:$B$180,MATCH($D41,temp_file!$A$1:$A$180,0)), "#N/A" ) -> J3 | D41: GPIO0 | E41: 3.3V | F41: ARM_JTAG_TRSTN | G41: GPIO0 | H41: ACW_I2S_DO(Slave) | I41: DW_I2S_DO(master) | J41: SSI1_CLK | K41: SSI2_CLK | L41: PWM6 | M41: STM_V_0 | N41: ACW_I2S_DO(Slave) | O41: 垂直电机 PWM6 | P41: 垂直电机 PWM6 | Q41: PWM6 | R41: 垂直电机 PWM6/ARM_JTAG_TRSTN | S41: AF_PWM6
A42: GPIO_10 | B42: PRWHSWCDGSD_H | C42: =IFERROR( INDEX( temp_file!$B$1:$B$180,MATCH($D42,temp_file!$A$1:$A$180,0)), "#N/A" ) -> H3 | D42: GPIO1 | E42: 3.3V | F42: ARM_JTAG_TDO | G42: GPIO1 | H42: ACW_I2S_DI(Slave) | I42: DW_I2S_DI(master) | J42: SSI1_CSN_0 | K42: SSI2_CSN_0 | L42: PWM7 | M42: STM_V_1 | N42: ACW_I2S_DI(Slave) | O42: 垂直电机 PWM7 | P42: 垂直电机 PWM7 | Q42: PWM7 | R42: 垂直电机 PWM7/ARM_JTAG_TDO | S42: AF_PWM7
A43: GPIO_11 | B43: PRWHSWCDGSD_H | C43: =IFERROR( INDEX( temp_file!$B$1:$B$180,MATCH($D43,temp_file!$A$1:$A$180,0)), "#N/A" ) -> J2 | D43: GPIO2 | E43: 3.3V | F43: ARM_JTAG_TDI | G43: GPIO2 | H43: ACW_I2S_CLK(Slave) | I43: DW_I2S_CLK(master) | J43: SSI1_TXD | K43: SSI2_TXD | L43: PWM8 | M43: STM_V_2 | N43: ACW_I2S_CLK(Slave) | O43: 垂直电机 PWM8 | P43: 垂直电机 PWM8 | Q43: PWM8 | R43: 垂直电机 PWM8/ARM_JTAG_TDI | S43: AF_PWM8
A44: SSI0_CLK | B44: PRWHSWCDGSD_H | C44: =IFERROR( INDEX( temp_file!$B$1:$B$180,MATCH($D44,temp_file!$A$1:$A$180,0)), "#N/A" ) -> J1 | D44: GPIO3 | E44: 3.3V | F44: ARM_JTAG_TCK | G44: GPIO3 | H44: ACW_I2S_WS(Slave) | I44: DW_I2S_WS(master) | J44: SSI1_RXD | K44: SSI2_RXD | L44: PWM9 | M44: STM_V_3 | N44: ACW_I2S_WS(Slave) | O44: 垂直电机 PWM9 | P44: 垂直电机 PWM9 | Q44: PWM9 | R44: 垂直电机 PWM9ARM_JTAG_TCK | S44: AF_PWM9
A45: SSI0_CSN_0 | B45: PRWHSWCDGSD_H | C45: =IFERROR( INDEX( temp_file!$B$1:$B$180,MATCH($D45,temp_file!$A$1:$A$180,0)), "#N/A" ) -> K2 | D45: GPIO4 | E45: 3.3V | F45: ARM_JTAG_TMS | G45: GPIO4 | H45: AC_MCLK | I45: USB_PWREN | J45: SD1_CD | N45: AC_MCLK | O45: 电机驱动 reset | P45: ICR_OFF | Q45: AC_MCLK/ICR_OFF | R45: ICR_OFF / ARM_JTAG_TMS | S45: 出厂复位
A46: SSI0_CSN_1 | B46: PRWHSWCDGSD_H | C46: =IFERROR( INDEX( temp_file!$B$1:$B$180,MATCH($D46,temp_file!$A$1:$A$180,0)), "#N/A" ) -> G18 | D46: SSI0_CLK | E46: 3.3V | F46: SSI0_CLK | G46: GPIO5 | J46: SD1_CLK（emmc） | N46: SSI0_CLK | O46: SSI0_CLK | P46: SSI0_CLK | Q46: SSI0_CLK | R46: SSI0_CLK | S46: SSI0_CLK
A47: SSI0_TXD | B47: PRWHSWCDGSD_H | C47: =IFERROR( INDEX( temp_file!$B$1:$B$180,MATCH($D47,temp_file!$A$1:$A$180,0)), "#N/A" ) -> G17 | D47: SSI0_CSN_0 | E47: 3.3V | F47: SSI0_CSN_0 | G47: GPIO6 | J47: SD1_CMD_RSP（emmc） | N47: SSI0_CSN_0 | O47: SSI0_CSN_0 | P47: SSI0_CSN_0 | Q47: SSI0_CSN_0 | R47: SSI0_CSN_0 | S47: SSI0_CSN_0
A48: SSI0_RXD | B48: PRWHSWCDGSD_H | C48: =IFERROR( INDEX( temp_file!$B$1:$B$180,MATCH($D48,temp_file!$A$1:$A$180,0)), "#N/A" ) -> F18 | D48: SSI0_TXD | E48: 3.3V | F48: SSI0_TXD(SSI0_D0) | G48: GPIO7 | J48: SD1_DATA_0（emmc） | N48: SSI0_TXD(SSI0_D0) | O48: SSI0_TXD(SSI0_D0) | P48: SSI0_TXD(SSI0_D0) | Q48: SSI0_TXD(SSI0_D0) | R48: SSI0_TXD(SSI0_D0) | S48: SSI0_TXD(SSI0_D0)
A49: SSI0_D_2 | B49: PRWHSWCDGSD_H | C49: =IFERROR( INDEX( temp_file!$B$1:$B$180,MATCH($D49,temp_file!$A$1:$A$180,0)), "#N/A" ) -> F17 | D49: SSI0_RXD | E49: 3.3V | F49: SSI0_RXD(SSI0_D1) | G49: GPIO8 | J49: SD1_DATA_1（emmc） | N49: SSI0_RXD(SSI0_D1) | O49: SSI0_RXD(SSI0_D1) | P49: SSI0_RXD(SSI0_D1) | Q49: SSI0_RXD(SSI0_D1) | R49: SSI0_RXD(SSI0_D1) | S49: SSI0_RXD(SSI0_D1)
A50: SSI0_D_3 | B50: PRWHSWCDGSD_H | C50: =IFERROR( INDEX( temp_file!$B$1:$B$180,MATCH($D50,temp_file!$A$1:$A$180,0)), "#N/A" ) -> E18 | D50: SSI0_D2 | E50: 3.3V | F50: SSI0_D2 | G50: GPIO9 | H50: UART1_TX | I50: I2C1_SCL | J50: SD1_DATA_2（emmc） | N50: I2C1_SCL | O50: LED_RED | P50: LED_RED | Q50: SSI0_D2 | R50: SSI0_D2 | S50: SSI0_D_2
A51: UART_RX | B51: PRWHSWCDGSD_H | C51: =IFERROR( INDEX( temp_file!$B$1:$B$180,MATCH($D51,temp_file!$A$1:$A$180,0)), "#N/A" ) -> E17 | D51: SSI0_D3 | E51: 3.3V | F51: SSI0_D3 | G51: GPIO10 | H51: UART1_RX | I51: I2C1_SDA | J51: SD1_DATA_3（emmc） | N51: I2C1_SDA | O51: LED_BLUE | P51: LED_BLUE | Q51: SSI0_D3 | R51: SSI0_D3 | S51: SSI0_D_3
A52: UART_TX | B52: PRWHSWCDGSD_H | C52: =IFERROR( INDEX( temp_file!$B$1:$B$180,MATCH($D52,temp_file!$A$1:$A$180,0)), "#N/A" ) -> Y5 | D52: SSI1_CLK | E52: 3.3V | F52: SSI1_CLK | G52: GPIO11 | H52: SSI2_CLK | N52: #N/A | O52: #N/A | P52: #N/A | Q52: SSI1_CLK | S52: H_LIGHT
A53: GPIO_19 | B53: PRWHSWCDGSD_H | C53: =IFERROR( INDEX( temp_file!$B$1:$B$180,MATCH($D53,temp_file!$A$1:$A$180,0)), "#N/A" ) -> V6 | D53: SSI1_CSN_0 | E53: 3.3V | F53: SSI1_CSN_0 | G53: GPIO14 | H53: SSI2_CSN_0 | N53: #N/A | O53: #N/A | P53: #N/A | Q53: SSI1_CSN_0 | R53: WIFI_INT
A54: GPIO_20 | B54: PRWHSWCDGSD_H | C54: =IFERROR( INDEX( temp_file!$B$1:$B$180,MATCH($D54,temp_file!$A$1:$A$180,0)), "#N/A" ) -> W6 | D54: SSI1_TXD | E54: 3.3V | F54: SSI1_TXD | G54: GPIO15 | H54: SSI2_TXD | N54: #N/A | O54: #N/A | P54: #N/A | Q54: SSI1_TXD | R54: WL_REG_ON
A55: GPIO_21 | B55: PRWHSWCDGSD_H | C55: =IFERROR( INDEX( temp_file!$B$1:$B$180,MATCH($D55,temp_file!$A$1:$A$180,0)), "#N/A" ) -> Y6 | D55: SSI1_RXD | E55: 3.3V | F55: SSI1_RXD | G55: GPIO16 | H55: SSI2_RXD | N55: #N/A | O55: #N/A | P55: #N/A | Q55: SSI1_RXD | R55: PHY复位
A56: GPIO_22 | B56: PRWHSWCDGSD_H | C56: =IFERROR( INDEX( temp_file!$B$1:$B$180,MATCH($D56,temp_file!$A$1:$A$180,0)), "#N/A" ) -> Y14 | D56: SD0_CD | E56: 3.3V | F56: SD0_CD | G56: GPIO17 | I56: ARC_JTAG_TRSTN | J56: PAE_JTAG_TRSTN | N56: SD0_CD | O56: SD0_CD | P56: SD0_CD | Q56: SD0_CD | R56: SD0_CD | S56: SD0_CD
A57: GPIO_23 | B57: PRWHSWCDGSD_H | C57: =IFERROR( INDEX( temp_file!$B$1:$B$180,MATCH($D57,temp_file!$A$1:$A$180,0)), "#N/A" ) -> Y13 | D57: SD0_CLK | E57: 3.3V | F57: SD0_CLK | G57: GPIO18 | H57: SSI1_CLK（标准复用） | I57: ARC_JTAG_TDO | J57: PAE_JTAG_TDO | N57: SD0_CLK | O57: SD0_CLK | P57: SD0_CLK | Q57: SD0_CLK | R57: SD0_CLK | S57: SD0_CLK
A58: GPIO_24 | B58: PRWHSWCDGSD_H | C58: =IFERROR( INDEX( temp_file!$B$1:$B$180,MATCH($D58,temp_file!$A$1:$A$180,0)), "#N/A" ) -> W14 | D58: SD0_CMD_RSP | E58: 3.3V | F58: SD0_CMD_RSP | G58: GPIO19 | H58: SSI1_TXD（标准复用） | I58: ARC_JTAG_TDI | J58: PAE_JTAG_TDI | N58: SD0_CMD_RSP | O58: SD0_CMD_RSP | P58: SD0_CMD_RSP | Q58: SD0_CMD_RSP | R58: SD0_CMD_RSP | S58: SD0_CMD_RSP
A59: GPIO_25 | B59: PRWHSWCDGSD_H | C59: =IFERROR( INDEX( temp_file!$B$1:$B$180,MATCH($D59,temp_file!$A$1:$A$180,0)), "#N/A" ) -> W12 | D59: SD0_DATA_0 | E59: 3.3V | F59: SD0_DATA_0 | G59: GPIO20 | H59: SSI1_RXD（标准复用） | I59: ARC_JTAG_TCK | J59: PAE_JTAG_TCK | N59: SD0_DATA_0 | O59: SD0_DATA_0 | P59: SD0_DATA_0 | Q59: SD0_DATA_0 | R59: SD0_DATA_0 | S59: SD0_DATA_0
A60: GPIO_26 | B60: PRWHSWCDGSD_H | C60: =IFERROR( INDEX( temp_file!$B$1:$B$180,MATCH($D60,temp_file!$A$1:$A$180,0)), "#N/A" ) -> Y12 | D60: SD0_DATA_1 | E60: 3.3V | F60: SD0_DATA_1 | G60: GPIO21 | H60: SSI1_CSN_0（自定义复用） | I60: ARC_JTAG_TMS | J60: PAE_JTAG_TMS | N60: SD0_DATA_1 | O60: SD0_DATA_1 | P60: SD0_DATA_1 | Q60: SD0_DATA_1 | R60: SD0_DATA_1 | S60: MOTO_C((电机切换)
A61: GPIO_27 | B61: PRWHSWCDGSD_H | C61: =IFERROR( INDEX( temp_file!$B$1:$B$180,MATCH($D61,temp_file!$A$1:$A$180,0)), "#N/A" ) -> W11 | D61: SD0_DATA_2 | E61: 3.3V | F61: SD0_DATA_2 | G61: GPIO22 | I61: UART2_TX | J61: I2C2_SCL | N61: SD0_DATA_2 | O61: SD0_DATA_2 | P61: SD0_DATA_2 | Q61: SD0_DATA_2 | R61: SD0_DATA_2 | S61: ICR_OFF
A62: GPIO_28 | B62: PRWHSWCDGSD_H | C62: =IFERROR( INDEX( temp_file!$B$1:$B$180,MATCH($D62,temp_file!$A$1:$A$180,0)), "#N/A" ) -> Y11 | D62: SD0_DATA_3 | E62: 3.3V | F62: SD0_DATA_3 | G62: GPIO23 | H62: SSI1_CSN_1（标准复用） | I62: UART2_RX | J62: I2C2_SDA | N62: SD0_DATA_3 | O62: SD0_DATA_3 | P62: SD0_DATA_3 | Q62: SD0_DATA_3 | R62: SD0_DATA_3 | S62: ICR_ON
A63: XAIN0_SADC | B63: PDB3A_V_G | C63: =IFERROR( INDEX( temp_file!$B$1:$B$180,MATCH($D63,temp_file!$A$1:$A$180,0)), "#N/A" ) -> M15 | D63: XAIN0_SADC | E63: 1.8V (不可配） | F63: XAIN0_SADC | G63: GPIO26 | N63: LED_RED | Q63: 光敏 | R63: 光敏 | S63: 光敏
A64: XAIN1_SADC | B64: PDB3A_V_G | C64: =IFERROR( INDEX( temp_file!$B$1:$B$180,MATCH($D64,temp_file!$A$1:$A$180,0)), "#N/A" ) -> N16 | D64: XAIN1_SADC | E64: 1.8V (不可配） | F64: XAIN1_SADC | G64: GPIO27 | N64: Audio使能 | O64: Audio使能 | P64: Audio使能 | Q64: 红外输入/Audio使能 | R64: 红外输入 | S64: Audio使能
A65: XAIN2_SADC | B65: PDB3A_V_G | C65: =IFERROR( INDEX( temp_file!$B$1:$B$180,MATCH($D65,temp_file!$A$1:$A$180,0)), "#N/A" ) -> N15 | D65: XAIN2_SADC | E65: 1.8V (不可配） | F65: XAIN2_SADC | G65: GPIO24 | Q65: SADC_XAIN2 | R65: SADC_XAIN2
A66: XAIN3_SADC | B66: PDB3A_V_G | C66: =IFERROR( INDEX( temp_file!$B$1:$B$180,MATCH($D66,temp_file!$A$1:$A$180,0)), "#N/A" ) -> P15 | D66: XAIN3_SADC | E66: 1.8V (不可配） | F66: XAIN3_SADC | G66: GPIO25 | Q66: SADC_XAIN3 | R66: SADC_XAIN3
C67: =IFERROR( INDEX( temp_file!$B$1:$B$180,MATCH($D67,temp_file!$A$1:$A$180,0)), "#N/A" ) -> W10 | D67: GPIO28 | E67: 3.3V | F67: GPIO28(emmc0/1 rst) | H67: ETH_LINK_ACT_LED | I67: PWM10 | J67: USB_DBG_CLK | K67: SD1_CD（emmc） | L67: MAC_MDC | N67: SD卡使能 | O67: SD卡使能 | P67: SD卡使能 | Q67: ETH_LINK_ACT_LED/SD0卡使能 | R67: ETH_LINK_ACT_LED | S67: ETH_LINK_ACT_LED
C68: =IFERROR( INDEX( temp_file!$B$1:$B$180,MATCH($D68,temp_file!$A$1:$A$180,0)), "#N/A" ) -> Y10 | D68: GPIO29 | E68: 3.3V | F68: GPIO29 | H68: ETH_LINK_STA_LED | I68: PWM11 | J68: RTC_CLK | K68: ETH_LINK_SPD_LED | L68: MAC_MDIO | N68: 红外灯 PWM11 | O68: 红外灯 PWM11 | P68: 红外灯 PWM11 | Q68: ETH_LINK_STA_LED/红外灯 PWM11/PHY复位 | R68: ETH_LINK_STA_LED | S68: ETH_LINK_STA_LED
C69: =IFERROR( INDEX( temp_file!$B$1:$B$180,MATCH($D69,temp_file!$A$1:$A$180,0)), "#N/A" ) -> Y17 | D69: CKP_MIPI | F69: MIPI_CKP | N69: MIPI_CKP | O69: MIPI_CKP | P69: MIPI_CKP | R69: MIPI_CKP | S69: MIPI_CKP
C70: =IFERROR( INDEX( temp_file!$B$1:$B$180,MATCH($D70,temp_file!$A$1:$A$180,0)), "#N/A" ) -> W17 | D70: CKN_MIPI | F70: MIPI_CKN | N70: MIPI_CKN | O70: MIPI_CKN | P70: MIPI_CKN | R70: MIPI_CKN | S70: MIPI_CKN
C71: =IFERROR( INDEX( temp_file!$B$1:$B$180,MATCH($D71,temp_file!$A$1:$A$180,0)), "#N/A" ) -> Y15 | D71: DP0_MIPI | F71: MIPI_DP0 | N71: MIPI_DP0 | O71: MIPI_DP0 | P71: MIPI_DP0 | R71: MIPI_DP0 | S71: MIPI_DP0
C72: =IFERROR( INDEX( temp_file!$B$1:$B$180,MATCH($D72,temp_file!$A$1:$A$180,0)), "#N/A" ) -> W15 | D72: DN0_MIPI | F72: MIPI_DN0 | N72: MIPI_DN0 | O72: MIPI_DN0 | P72: MIPI_DN0 | R72: MIPI_DN0 | S72: MIPI_DN0
C73: =IFERROR( INDEX( temp_file!$B$1:$B$180,MATCH($D73,temp_file!$A$1:$A$180,0)), "#N/A" ) -> Y16 | D73: DP1_MIPI | F73: MIPI_DP1 | N73: MIPI_DP1 | O73: MIPI_DP1 | P73: MIPI_DP1 | R73: MIPI_DP1 | S73: MIPI_DP1
C74: =IFERROR( INDEX( temp_file!$B$1:$B$180,MATCH($D74,temp_file!$A$1:$A$180,0)), "#N/A" ) -> W16 | D74: DN1_MIPI | F74: MIPI_DN1 | N74: MIPI_DN1 | O74: MIPI_DN1 | P74: MIPI_DN1 | R74: MIPI_DN1 | S74: MIPI_DN1
C75: =IFERROR( INDEX( temp_file!$B$1:$B$180,MATCH($D75,temp_file!$A$1:$A$180,0)), "#N/A" ) -> V17 | D75: DP2_MIPI | F75: MIPI_DP2 | N75: #N/A | O75: #N/A | P75: #N/A | R75: MIPI_DP2 | S75: MIPI_DP2
C76: =IFERROR( INDEX( temp_file!$B$1:$B$180,MATCH($D76,temp_file!$A$1:$A$180,0)), "#N/A" ) -> V18 | D76: DN2_MIPI | F76: MIPI_DN2 | N76: #N/A | O76: #N/A | P76: #N/A | R76: MIPI_DN2 | S76: MIPI_DN2
C77: =IFERROR( INDEX( temp_file!$B$1:$B$180,MATCH($D77,temp_file!$A$1:$A$180,0)), "#N/A" ) -> U17 | D77: DP3_MIPI | F77: MIPI_DP3 | N77: #N/A | O77: #N/A | P77: #N/A | R77: MIPI_DP3 | S77: MIPI_DP3
C78: =IFERROR( INDEX( temp_file!$B$1:$B$180,MATCH($D78,temp_file!$A$1:$A$180,0)), "#N/A" ) -> U18 | D78: DN3_MIPI | F78: MIPI_DN3 | N78: #N/A | O78: #N/A | P78: #N/A | R78: MIPI_DN3 | S78: MIPI_DN3
C79: =IFERROR( INDEX( temp_file!$B$1:$B$180,MATCH($D79,temp_file!$A$1:$A$180,0)), "#N/A" ) -> J18 | D79: MICINP_AC | S79: AC_MICIN
C80: =IFERROR( INDEX( temp_file!$B$1:$B$180,MATCH($D80,temp_file!$A$1:$A$180,0)), "#N/A" ) -> J17 | D80: MICINN_AC
C81: =IFERROR( INDEX( temp_file!$B$1:$B$180,MATCH($D81,temp_file!$A$1:$A$180,0)), "#N/A" ) -> K15 | D81: LINE1_AC | S81: AC_OUTL
C82: =IFERROR( INDEX( temp_file!$B$1:$B$180,MATCH($D82,temp_file!$A$1:$A$180,0)), "#N/A" ) -> K16 | D82: LOUT_AC
C83: =IFERROR( INDEX( temp_file!$B$1:$B$180,MATCH($D83,temp_file!$A$1:$A$180,0)), "#N/A" ) -> K18 | D83: VMID_AC
C84: =IFERROR( INDEX( temp_file!$B$1:$B$180,MATCH($D84,temp_file!$A$1:$A$180,0)), "#N/A" ) -> K17 | D84: MICBIAS_AC | S84: AC_MICBIAS
C85: =IFERROR( INDEX( temp_file!$B$1:$B$180,MATCH($D85,temp_file!$A$1:$A$180,0)), "#N/A" ) -> R2 | D85: USB_DP | S85: USB_DP
C86: =IFERROR( INDEX( temp_file!$B$1:$B$180,MATCH($D86,temp_file!$A$1:$A$180,0)), "#N/A" ) -> R1 | D86: USB_DM | S86: USB_DM
C87: =IFERROR( INDEX( temp_file!$B$1:$B$180,MATCH($D87,temp_file!$A$1:$A$180,0)), "#N/A" ) -> P1 | D87: USB_VBUS | S87: USB_VBUS
C88: =IFERROR( INDEX( temp_file!$B$1:$B$180,MATCH($D88,temp_file!$A$1:$A$180,0)), "#N/A" ) -> G1 | D88: XIN_RTC
C89: =IFERROR( INDEX( temp_file!$B$1:$B$180,MATCH($D89,temp_file!$A$1:$A$180,0)), "#N/A" ) -> G2 | D89: XOUT_RTC
C90: =IFERROR( INDEX( temp_file!$B$1:$B$180,MATCH($D90,temp_file!$A$1:$A$180,0)), "#N/A" ) -> W2 | D90: EPHY_RXN | F90: EPHY_RXN | N90: EPHY_RXN | O90: EPHY_RXN | P90: EPHY_RXN | R90: EPHY_RXN | S90: EPHY_RXN
C91: =IFERROR( INDEX( temp_file!$B$1:$B$180,MATCH($D91,temp_file!$A$1:$A$180,0)), "#N/A" ) -> Y2 | D91: EPHY_RXP | F91: EPHY_RXP | N91: EPHY_RXP | O91: EPHY_RXP | P91: EPHY_RXP | R91: EPHY_RXP | S91: EPHY_RXP
C92: =IFERROR( INDEX( temp_file!$B$1:$B$180,MATCH($D92,temp_file!$A$1:$A$180,0)), "#N/A" ) -> W3 | D92: EPHY_TXN | F92: EPHY_TXN | N92: EPHY_TXN | O92: EPHY_TXN | P92: EPHY_TXN | R92: EPHY_TXN | S92: EPHY_TXN
C93: =IFERROR( INDEX( temp_file!$B$1:$B$180,MATCH($D93,temp_file!$A$1:$A$180,0)), "#N/A" ) -> Y3 | D93: EPHY_TXP | F93: EPHY_TXP | N93: EPHY_TXP | O93: EPHY_TXP | P93: EPHY_TXP | R93: EPHY_TXP | S93: EPHY_TXP
C94: =IFERROR( INDEX( temp_file!$B$1:$B$180,MATCH($D94,temp_file!$A$1:$A$180,0)), "#N/A" ) -> W1 | D94: EPHY_RTX | F94: EPHY_RTX
C95: =IFERROR( INDEX( temp_file!$B$1:$B$180,MATCH($D95,temp_file!$A$1:$A$180,0)), "#N/A" ) -> A2 | D95: DDR_ODT
C96: =IFERROR( INDEX( temp_file!$B$1:$B$180,MATCH($D96,temp_file!$A$1:$A$180,0)), "#N/A" ) -> A9 | D96: DDR_CLK_N
C97: =IFERROR( INDEX( temp_file!$B$1:$B$180,MATCH($D97,temp_file!$A$1:$A$180,0)), "#N/A" ) -> B9 | D97: DDR_CLK_P
C98: =IFERROR( INDEX( temp_file!$B$1:$B$180,MATCH($D98,temp_file!$A$1:$A$180,0)), "#N/A" ) -> A8 | D98: DDR_CKE
C99: =IFERROR( INDEX( temp_file!$B$1:$B$180,MATCH($D99,temp_file!$A$1:$A$180,0)), "#N/A" ) -> E12 | D99: DDR_RAS_N
C100: =IFERROR( INDEX( temp_file!$B$1:$B$180,MATCH($D100,temp_file!$A$1:$A$180,0)), "#N/A" ) -> C11 | D100: DDR_CAS_N
...

Sheet 管脚分布
B1: 1 | C1: 2 | D1: 3 | E1: 4 | F1: 5 | G1: 6 | H1: 7 | I1: 8 | J1: 9 | K1: 10 | L1: 11 | M1: 12 | N1: 13 | O1: 14 | P1: 15 | Q1: 16 | R1: 17 | S1: 18
A2: A | B2: VSS | C2: DDR_ODT | D2: DDR_A14 | F2: DDR_A1 | G2: DDR_BA1 | I2: DDR_CKE | J2: DDR_CLK_N | L2: DDR_DQ1 | N2: DDR_DQ4 | P2: DDR_DQS1_P | Q2: DDR_DQS0_N | R2: VSS | S2: VSS
A3: B | B3: DDR_CAL | C3: DDR_CS_N | D3: DDR_A11 | E3: DDR_A8 | F3: DDR_A6 | G3: DDR_A4 | H3: VSS | I3: DDR_A10 | J3: DDR_CLK_P | K3: VSS | L3: DDR_DQ5 | M3: DDR_DQ3 | N3: DDR_DQ14 | O3: DDR_DQ12 | P3: DDR_DQS1_N | Q3: DDR_DQS0_P | R3: DDR_DQ15 | S3: DDR_DM1
A4: C | B4: DDR_ZQ | C4: VSS | D4: DDR_A5 | E4: VSS | F4: DDR_A7 | G4: DDR_A12 | H4: DDR_A3 | I4: DDR_A0 | J4: VSS | K4: DDR_WE_N | L4: DDR_CAS_N | M4: VSS | N4: DDR_DQ6 | O4: VSS | P4: DDR_DQ8 | Q4: DDR_DQ0 | R4: DDR_DQ13 | S4: DDR_DQ11
A5: D | B5: RESETN | C5: VSS | D5: DDR_RESET_N | E5: DDR_A13 | F5: VSS | G5: DDR_A9 | H5: VSS | I5: VSS | J5: DDR_BA2 | K5: VSS | L5: VSS | M5: DDR_DQ7 | N5: VSS | O5: DDR_DM0 | P5: VSS | Q5: DDR_DQ9 | R5: VSS | S5: DDR_DQ2
A6: E | B6: CLK_IN | C6: CLK | D6: GNDA_PLL | E6: VDDA09_PLL | G6: DDR_VREFDQ | H6: DDR_A2 | I6: VSS | J6: VSS | K6: DDR_BA0 | L6: VSS | M6: DDR_RAS_N | N6: VSS | O6: DDR_DQ10 | P6: VSS | Q6: VSS | R6: SSI0_D3 | S6: SSI0_D2
A7: F | C7: VSS | D7: VSS | E7: VDDA18_PLL | H7: VDDIO_DDR | I7: VDDIO_DDR | J7: VDDIO_DDR | K7: VSS | L7: VDDIO_DDR | M7: VDDIO_DDR | N7: VDDIO_DDR | O7: VDDIO_DDR | P7: VSS | Q7: PWM1 | R7: SSI0_RXD | S7: SSI0_TXD
A8: G | B8: XIN_RTC | C8: XOUT_RTC | D8: GNDA_RTC | E8: VDDA33_RTC | P8: VDDIO_18OD33 | Q8: PWM0 | R8: SSI0_CSN_0 | S8: SSI0_CLK
A9: H | C9: GNDA_RTC | D9: GPIO1 | P9: VDDIO_18 | Q9: UART0_TX | R9: VSS
A10: J | B10: GPIO3 | C10: GPIO2 | D10: GPIO0 | G10: VSS | H10: VSS | I10: VDDIO_CLK | J10: VSS | K10: VSS | L10: VSS | M10: VSS | P10: UART0_RX | Q10: GNDA_AC | R10: MICINN_AC | S10: MICINP_AC
A11: K | C11: GPIO4 | D11: UART2_RX | G11: VSS | H11: VSS | I11: VSS | J11: VSS | K11: VDDK_DDR | L11: VDDK_DDR | M11: VSS | P11: LINE1_AC | Q11: LOUT_AC | R11: MICBIAS_AC | S11: VMID_AC
A12: L | B12: I2C1_SDA | C12: VSS | D12: UART2_TX | E12: VDDIO_18OD33 | G12: VSS | H12: VSS | I12: VDDK | J12: VDDK | K12: VDDK | L12: VDDK | M12: VSS | P12: VDDA_AC | Q12: GNDA_AC | R12: NC | S12: NC | V12: FH8858v310只有一组差分MIC，另外2组为NC处理，预留是为了兼容FH8658
A13: M | C13: I2C1_SCL | D13: PWM2 | G13: VSS | H13: VSS | I13: VDDK | J13: VDDK | K13: VDDK | L13: VDDK | M13: VSS | P13: XAIN0_SADC | Q13: GNDA_AC | R13: NC | S13: NC
A14: N | B14: UART1_RX | C14: UART1_TX | D14: PWM3 | G14: VSS | H14: VSS | I14: VSS | J14: VSS | K14: VSS | L14: VSS | M14: VSS | P14: XAIN2_SADC | Q14: XAIN1_SADC | R14: NC | S14: NC
A15: P | B15: USB_VBUS | C15: USB_PWREN | D15: VDDA33_USB | E15: VDDA18_USB | G15: VSS | H15: VSS | I15: VSS | J15: VSS | K15: VSS | L15: VSS | M15: VSS | P15: XAIN3_SADC | Q15: SENSOR_RSTN | R15: VSS
A16: R | B16: USB_DM | C16: USB_DP | D16: GNDA_USB | E16: VDDA09_EPHY | P16: VDDIO_18 | Q16: I2C0_SCL | R16: I2C0_SDA | S16: SENSOR_CLK
A17: T | B17: USB_REXT | C17: GNDA_USB | D17: GNDA_USB | E17: VDDA33_EPHY | P17: VDDA_MIPI | Q17: GNDA_MIPI | R17: REXT_MIPI
A18: U | C18: GNDA_USB | D18: GNDA_EPHY | E18: GNDA_EPHY | F18: VDDA12_VREF | G18: VDDIO_18 | I18: MAC_MDC | J18: MAC_TXD_1 | K18: VDDIO_18OD33 | L18: SD1_DATA_3 | M18: SD1_DATA_0 | N18: SD1_CMD_RSP | P18: VDDA_MIPI | Q18: GNDA_MIPI | R18: DP3_MIPI | S18: DN3_MIPI
A19: V | B19: EPHY_ATBUSA | C19: EPHY_ATBUSB | D19: GNDA_EPHY | E19: BOOT_MODE | F19: VDDA18_EPHY | G19: SSI1_CSN_0 | H19: MAC_MDIO | I19: MAC_RXD_0 | J19: MAC_TXD_0 | K19: VSS | L19: SD1_DATA_2 | M19: SD1_DATA_1 | N19: SD1_CLK | O19: SD1_CD | P19: GNDA_MIPI | Q19: GNDA_MIPI | R19: DP2_MIPI | S19: DN2_MIPI
A20: W | B20: EPHY_RTX | C20: EPHY_RXN | D20: EPHY_TXN | E20: BOOT_SEL1 | F20: VSS | G20: SSI1_TXD | H20: VSS | I20: MAC_RXD_1 | J20: MAC_TXEN | K20: GPIO28 | L20: SD0_DATA_2 | M20: SD0_DATA_0 | N20: VSS | O20: SD0_CMD_RSP | P20: DN0_MIPI | Q20: DN1_MIPI | R20: CKN_MIPI
A21: Y | C21: EPHY_RXP | D21: EPHY_TXP | E21: BOOT_SEL0 | F21: SSI1_CLK | G21: SSI1_RXD | I21: MAC_CLK | J21: MAC_RXDV | K21: GPIO29 | L21: SD0_DATA_3 | M21: SD0_DATA_1 | N21: SD0_CLK | O21: SD0_CD | P21: DP0_MIPI | Q21: DP1_MIPI | R21: CKP_MIPI
V24: FH8858v310外置DDR3颗粒 VDDIO_DDR电源 | W24: 1.35V

Sheet IO_STATUS
A1: FH8858v310 Pin_num | B1: PAD Name | C1: Default Function | D1: Default MFS [27:24] | E1: IO电源已上电，CORE电源未上电 | G1: IO/CORE电源已上电，复位撤销之前 | I1: IO电源和CORE都已上电，复位撤销之后，ROM开始执行到结束期间。 | K1: ScanPU | L1: ScanPD
E2: 电平状态 | F2: I/O类型 | G2: 电平状态 | H2: I/O类型 | I2: 电平状态 | J2: I/O类型 | K2: 电平状态 | L2: 电平状态
A3: =PIN_MUX!C2 -> D1 | B3: =PIN_MUX!D2 -> RESETN | C3: =[1]PIN_MUX!K6 -> RESETN | D3: N/A | E3: HiZ | F3: NA | G3: PU | H3: I | I3: PU | J3: I | K3: PU=1 | L3: PD=0
A4: =PIN_MUX!C3 -> E1 | B4: =PIN_MUX!D3 -> CLK_IN | C4: =[1]PIN_MUX!K8 -> CLK_IN | D4: N/A | E4: HiZ | F4: NA | G4: HiZ | H4: I | I4: 0/1 | J4: I | K4: - | L4: -
A5: =PIN_MUX!C4 -> E2 | B5: =PIN_MUX!D4 -> CLK | C5: =[1]PIN_MUX!K9 -> CLK_OUT | D5: N/A | E5: HiZ | F5: NA | G5: X | H5: O | I5: 0/1 | J5: O | K5: - | L5: -
A6: =PIN_MUX!C5 -> V4 | B6: =PIN_MUX!D5 -> BOOT_MODE | C6: =[1]PIN_MUX!K10 -> GPIO30 | D6: Func0 | E6: HiZ | F6: NA | G6: PU | H6: I | I6: PU | J6: I | K6: PU=0 | L6: PD=0
A7: =PIN_MUX!C6 -> W4 | B7: =PIN_MUX!D6 -> BOOT_SEL1 | C7: =[1]PIN_MUX!K11 -> GPIO31 | D7: Func0 | E7: HiZ | F7: NA | G7: PU | H7: I | I7: PU | J7: I | K7: PU=0 | L7: PD=0
A8: =PIN_MUX!C7 -> Y4 | B8: =PIN_MUX!D7 -> BOOT_SEL0 | C8: =[1]PIN_MUX!K12 -> GPIO32 | D8: Func0 | E8: HiZ | F8: NA | G8: PU | H8: I | I8: PU | J8: I | K8: PU=0 | L8: PD=0
A9: =PIN_MUX!C8 -> H16 | B9: =PIN_MUX!D8 -> UART0_TX | C9: =[1]PIN_MUX!K13 -> UART0_TX | D9: Func0 | E9: HiZ | F9: NA | G9: H | H9: O | I9: 0/1 | J9: O | K9: PU=0 | L9: PD=0
A10: =PIN_MUX!C9 -> J15 | B10: =PIN_MUX!D9 -> UART0_RX | C10: =[1]PIN_MUX!K14 -> UART0_RX | D10: Func0 | E10: HiZ | F10: NA | G10: PU | H10: I | I10: 0/1 | J10: I | K10: PU=0 | L10: PD=0 | M10: autoload: 常0 安全模式：会翻转
A11: =PIN_MUX!C10 -> R16 | B11: =PIN_MUX!D10 -> I2C0_SCL | C11: =[1]PIN_MUX!L15 -> GPIO35 | D11: Func1 | E11: HiZ | F11: NA | G11: PU | H11: I | I11: PU | J11: I | K11: PU=0 | L11: PD=0
A12: =PIN_MUX!C11 -> R17 | B12: =PIN_MUX!D11 -> I2C0_SDA | C12: =[1]PIN_MUX!L16 -> GPIO36 | D12: Func1 | E12: HiZ | F12: NA | G12: PU | H12: I | I12: PU | J12: I | K12: PU=0 | L12: PD=0
A13: =PIN_MUX!C12 -> R18 | B13: =PIN_MUX!D12 -> SENSOR_CLK | C13: =[1]PIN_MUX!L17 -> GPIO12 | D13: Func1 | E13: HiZ | F13: NA | G13: HiZ | H13: I | I13: HiZ | J13: I | K13: PU=0 | L13: PD=0
A14: =PIN_MUX!C13 -> P16 | B14: =PIN_MUX!D13 -> SENSOR_RSTN | C14: =[1]PIN_MUX!K18 -> GPIO13 | D14: Func0 | E14: HiZ | F14: NA | G14: HiZ | H14: I | I14: HiZ | J14: I | K14: PU=0 | L14: PD=0
A15: =PIN_MUX!C14 -> N2 | B15: =PIN_MUX!D14 -> UART1_TX | C15: =[1]PIN_MUX!L20 -> GPIO39 | D15: Func1 | E15: HiZ | F15: NA | G15: HiZ | H15: I | I15: HiZ | J15: I | K15: PU=0 | L15: PD=0
A16: =PIN_MUX!C15 -> N1 | B16: =PIN_MUX!D15 -> UART1_RX | C16: =[1]PIN_MUX!L21 -> GPIO40 | D16: Func1 | E16: HiZ | F16: NA | G16: HiZ | H16: I | I16: HiZ | J16: I | K16: PU=0 | L16: PD=0
A17: =PIN_MUX!C16 -> M2 | B17: =PIN_MUX!D16 -> I2C1_SCL | C17: =[1]PIN_MUX!L22 -> GPIO37 | D17: Func1 | E17: HiZ | F17: NA | G17: HiZ | H17: I | I17: HiZ | J17: I | K17: PU=0 | L17: PD=0
A18: =PIN_MUX!C17 -> L1 | B18: =PIN_MUX!D17 -> I2C1_SDA | C18: =[1]PIN_MUX!L23 -> GPIO38 | D18: Func1 | E18: HiZ | F18: NA | G18: HiZ | H18: I | I18: HiZ | J18: I | K18: PU=0 | L18: PD=0
A19: =PIN_MUX!C18 -> L3 | B19: =PIN_MUX!D18 -> UART2_TX | C19: =[1]PIN_MUX!L24 -> GPIO41 | D19: Func1 | E19: HiZ | F19: NA | G19: HiZ | H19: I | I19: HiZ | J19: I | K19: PU=0 | L19: PD=0
A20: =PIN_MUX!C19 -> K3 | B20: =PIN_MUX!D19 -> UART2_RX | C20: =[1]PIN_MUX!L25 -> GPIO42 | D20: Func1 | E20: HiZ | F20: NA | G20: HiZ | H20: I | I20: HiZ | J20: I | K20: PU=0 | L20: PD=0
A21: =PIN_MUX!C20 -> P2 | B21: =PIN_MUX!D20 -> USB_PWREN | C21: =[1]PIN_MUX!L26 -> GPIO47 | D21: Func1 | E21: HiZ | F21: NA | G21: HiZ | H21: I | I21: HiZ | J21: I | K21: PU=0 | L21: PD=0
A22: =PIN_MUX!C21 -> G16 | B22: =PIN_MUX!D21 -> PWM0 | C22: =[1]PIN_MUX!L27 -> GPIO43 | D22: Func1 | E22: HiZ | F22: NA | G22: HiZ | H22: I | I22: HiZ | J22: I | K22: PU=0 | L22: PD=0
A23: =PIN_MUX!C22 -> F16 | B23: =PIN_MUX!D22 -> PWM1 | C23: =[1]PIN_MUX!L28 -> GPIO44 | D23: Func1 | E23: HiZ | F23: NA | G23: HiZ | H23: I | I23: HiZ | J23: I | K23: PU=0 | L23: PD=0
A24: =PIN_MUX!C23 -> M3 | B24: =PIN_MUX!D23 -> PWM2 | C24: =[1]PIN_MUX!L29 -> GPIO45 | D24: Func1 | E24: HiZ | F24: NA | G24: HiZ | H24: I | I24: HiZ | J24: I | K24: PU=0 | L24: PD=0
A25: =PIN_MUX!C24 -> N3 | B25: =PIN_MUX!D24 -> PWM3 | C25: =[1]PIN_MUX!L30 -> GPIO46 | D25: Func1 | E25: HiZ | F25: NA | G25: HiZ | H25: I | I25: HiZ | J25: I | K25: PU=0 | L25: PD=0
A26: =PIN_MUX!C25 -> Y8 | B26: =PIN_MUX!D25 -> MAC_RMII_CLK | C26: =[1]PIN_MUX!L31 -> GPIO48 | D26: Func1 | E26: HiZ | F26: NA | G26: L | H26: O | I26: 0/1 | J26: O | K26: PU=0 | L26: PD=0
A27: =PIN_MUX!C26 -> V9 | B27: =PIN_MUX!D26 -> MAC_TXD_0 | C27: =[1]PIN_MUX!L33 -> GPIO49 | D27: Func1 | E27: HiZ | F27: NA | G27: HiZ | H27: I | I27: HiZ | J27: I | K27: PU=0 | L27: PD=0
A28: =PIN_MUX!C27 -> U9 | B28: =PIN_MUX!D27 -> MAC_TXD_1 | C28: =[1]PIN_MUX!L34 -> GPIO50 | D28: Func1 | E28: HiZ | F28: NA | G28: HiZ | H28: I | I28: HiZ | J28: I | K28: PU=0 | L28: PD=0
A29: =PIN_MUX!C28 -> W9 | B29: =PIN_MUX!D28 -> MAC_TXEN | C29: =[1]PIN_MUX!L35 -> GPIO51 | D29: Func1 | E29: HiZ | F29: NA | G29: HiZ | H29: I | I29: HiZ | J29: I | K29: PU=0 | L29: PD=0
A30: =PIN_MUX!C29 -> V8 | B30: =PIN_MUX!D29 -> MAC_RXD_0 | C30: =[1]PIN_MUX!L36 -> GPIO52 | D30: Func1 | E30: HiZ | F30: NA | G30: HiZ | H30: I | I30: HiZ | J30: I | K30: PU=0 | L30: PD=0
A31: =PIN_MUX!C30 -> W8 | B31: =PIN_MUX!D30 -> MAC_RXD_1 | C31: =[1]PIN_MUX!L37 -> GPIO53 | D31: Func1 | E31: HiZ | F31: NA | G31: HiZ | H31: I | I31: HiZ | J31: I | K31: PU=0 | L31: PD=0
A32: =PIN_MUX!C31 -> Y9 | B32: =PIN_MUX!D31 -> MAC_RXDV | C32: =[1]PIN_MUX!L38 -> GPIO54 | D32: Func1 | E32: HiZ | F32: NA | G32: HiZ | H32: I | I32: HiZ | J32: I | K32: PU=0 | L32: PD=0
A33: =PIN_MUX!C32 -> U8 | B33: =PIN_MUX!D32 -> MAC_MDC | C33: =[1]PIN_MUX!L39 -> GPIO55 | D33: Func1 | E33: HiZ | F33: NA | G33: HiZ | H33: I | I33: HiZ | J33: I | K33: PU=0 | L33: PD=0
A34: =PIN_MUX!C33 -> V7 | B34: =PIN_MUX!D33 -> MAC_MDIO | C34: =[1]PIN_MUX!L40 -> GPIO56 | D34: Func1 | E34: HiZ | F34: NA | G34: HiZ | H34: I | I34: HiZ | J34: I | K34: PU=0 | L34: PD=0
A35: =PIN_MUX!C34 -> V13 | B35: =PIN_MUX!D34 -> SD1_CLK | C35: =[1]PIN_MUX!L41 -> GPIO57 | D35: Func1 | E35: HiZ | F35: NA | G35: HiZ | H35: I | I35: HiZ | J35: I | K35: PU=0 | L35: PD=0
A36: =PIN_MUX!C35 -> V14 | B36: =PIN_MUX!D35 -> SD1_CD | C36: =[1]PIN_MUX!L42 -> GPIO58 | D36: Func1 | E36: HiZ | F36: NA | G36: HiZ | H36: I | I36: HiZ | J36: I | K36: PU=0 | L36: PD=0
A37: =PIN_MUX!C36 -> U13 | B37: =PIN_MUX!D36 -> SD1_CMD_RSP | C37: =[1]PIN_MUX!L43 -> GPIO59 | D37: Func1 | E37: HiZ | F37: NA | G37: HiZ | H37: I | I37: HiZ | J37: I | K37: PU=0 | L37: PD=0
A38: =PIN_MUX!C37 -> U12 | B38: =PIN_MUX!D37 -> SD1_DATA_0 | C38: =[1]PIN_MUX!L44 -> GPIO60 | D38: Func1 | E38: HiZ | F38: NA | G38: HiZ | H38: I | I38: HiZ | J38: I | K38: PU=0 | L38: PD=0
... A41: =PIN_MUX!C40 -> U11 | B41: =PIN_MUX!D40 -> SD1_DATA_3 | C41: =[1]PIN_MUX!L47 -> GPIO63 | D41: Func1 | E41: HiZ | F41: NA | G41: HiZ | H41: I | I41: HiZ | J41: I | K41: PU=0 | L41: PD=0
A42: =PIN_MUX!C41 -> J3 | B42: =PIN_MUX!D41 -> GPIO0 | C42: =[1]PIN_MUX!K48 -> ARM_JTAG_TRSTN | D42: Func0 | E42: HiZ | F42: NA | G42: HiZ | H42: I | I42: HiZ | J42: I | K42: PU=0 | L42: PD=0
A43: =PIN_MUX!C42 -> H3 | B43: =PIN_MUX!D42 -> GPIO1 | C43: =[1]PIN_MUX!K49 -> ARM_JTAG_TDO | D43: Func0 | E43: HiZ | F43: NA | G43: HiZ | H43: I | I43: HiZ | J43: I | K43: PU=0 | L43: PD=0 | M43: ROM期间JTAG不启动，因此始终为输入
A44: =PIN_MUX!C43 -> J2 | B44: =PIN_MUX!D43 -> GPIO2 | C44: =[1]PIN_MUX!K50 -> ARM_JTAG_TDI | D44: Func0 | E44: HiZ | F44: NA | G44: HiZ | H44: I | I44: HiZ | J44: I | K44: PU=0 | L44: PD=0
A45: =PIN_MUX!C44 -> J1 | B45: =PIN_MUX!D44 -> GPIO3 | C45: =[1]PIN_MUX!K51 -> ARM_JTAG_TCK | D45: Func0 | E45: HiZ | F45: NA | G45: HiZ | H45: I | I45: HiZ | J45: I | K45: PU=0 | L45: PD=0
A46: =PIN_MUX!C45 -> K2 | B46: =PIN_MUX!D45 -> GPIO4 | C46: =[1]PIN_MUX!K52 -> ARM_JTAG_TMS | D46: Func0 | E46: HiZ | F46: NA | G46: HiZ | H46: I | I46: HiZ | J46: I | K46: PU=0 | L46: PD=0
A47: =PIN_MUX!C46 -> G18 | B47: =PIN_MUX!D46 -> SSI0_CLK | C47: =[1]PIN_MUX!K53 -> SSI0_CLK | D47: Func0 | E47: HiZ | F47: NA | G47: L | H47: O | I47: 0/1 | J47: O | K47: PU=0 | L47: PD=0
A48: =PIN_MUX!C47 -> G17 | B48: =PIN_MUX!D47 -> SSI0_CSN_0 | C48: =[1]PIN_MUX!K54 -> SSI0_CSN_0 | D48: Func0 | E48: HiZ | F48: NA | G48: H | H48: O | I48: 0/1 | J48: I/O | K48: PU=0 | L48: PD=0 | M48: flash：输出 emmc：也是输出，但是会短暂切为输入
A49: =PIN_MUX!C48 -> F18 | B49: =PIN_MUX!D48 -> SSI0_TXD | C49: =[1]PIN_MUX!K55 -> SSI0_TXD(SSI0_D0) | D49: Func0 | E49: HiZ | F49: NA | G49: HiZ | H49: I | I49: 0/1 | J49: I/O | K49: PU=0 | L49: PD=0 | M49: flash：默认输入，有数据时变成输出 emmc：仅输出
A50: =PIN_MUX!C49 -> F17 | B50: =PIN_MUX!D49 -> SSI0_RXD | C50: =[1]PIN_MUX!K56 -> SSI0_RXD(SSI0_D1) | D50: Func0 | E50: HiZ | F50: NA | G50: HiZ | H50: I | I50: PU | J50: I | K50: PU=0 | L50: PD=0
A51: =PIN_MUX!C50 -> E18 | B51: =PIN_MUX!D50 -> SSI0_D2 | C51: =[1]PIN_MUX!K57 -> SSI0_D2 | D51: Func0 | E51: HiZ | F51: NA | G51: HiZ | H51: I | I51: HiZ | J51: I | K51: PU=0 | L51: PD=0
A52: =PIN_MUX!C51 -> E17 | B52: =PIN_MUX!D51 -> SSI0_D3 | C52: =[1]PIN_MUX!K58 -> SSI0_D3 | D52: Func0 | E52: HiZ | F52: NA | G52: HiZ | H52: I | I52: HiZ | J52: I | K52: PU=0 | L52: PD=0
A53: =PIN_MUX!C52 -> Y5 | B53: =PIN_MUX!D52 -> SSI1_CLK | C53: =[1]PIN_MUX!L59 -> GPIO11 | D53: Func1 | E53: HiZ | F53: NA | G53: HiZ | H53: I | I53: HiZ | J53: I | K53: PU=0 | L53: PD=0
A54: =PIN_MUX!C53 -> V6 | B54: =PIN_MUX!D53 -> SSI1_CSN_0 | C54: =[1]PIN_MUX!L60 -> GPIO14 | D54: Func1 | E54: HiZ | F54: NA | G54: HiZ | H54: I | I54: HiZ | J54: I | K54: PU=0 | L54: PD=0
A55: =PIN_MUX!C54 -> W6 | B55: =PIN_MUX!D54 -> SSI1_TXD | C55: =[1]PIN_MUX!L61 -> GPIO15 | D55: Func1 | E55: HiZ | F55: NA | G55: HiZ | H55: I | I55: HiZ | J55: I | K55: PU=0 | L55: PD=0
A56: =PIN_MUX!C55 -> Y6 | B56: =PIN_MUX!D55 -> SSI1_RXD | C56: =[1]PIN_MUX!L62 -> GPIO16 | D56: Func1 | E56: HiZ | F56: NA | G56: HiZ | H56: I | I56: HiZ | J56: I | K56: PU=0 | L56: PD=0
A57: =PIN_MUX!C56 -> Y14 | B57: =PIN_MUX!D56 -> SD0_CD | C57: =[1]PIN_MUX!K63 -> SD0_CD | D57: Func0 | E57: HiZ | F57: NA | G57: HiZ | H57: I | I57: HiZ | J57: I | K57: PU=0 | L57: PD=0
A58: =PIN_MUX!C57 -> Y13 | B58: =PIN_MUX!D57 -> SD0_CLK | C58: =[1]PIN_MUX!K64 -> SD0_CLK | D58: Func0 | E58: HiZ | F58: NA | G58: L | H58: O | I58: 0/1 | J58: O | K58: PU=0 | L58: PD=0
A59: =PIN_MUX!C58 -> W14 | B59: =PIN_MUX!D58 -> SD0_CMD_RSP | C59: =[1]PIN_MUX!K65 -> SD0_CMD_RSP | D59: Func0 | E59: HiZ | F59: NA | G59: HiZ | H59: I | I59: 0/1 | J59: I/O | K59: PU=0 | L59: PD=0 | M59: 默认输入，emmc时仅输出
A60: =PIN_MUX!C59 -> W12 | B60: =PIN_MUX!D59 -> SD0_DATA_0 | C60: =[1]PIN_MUX!K66 -> SD0_DATA_0 | D60: Func0 | E60: HiZ | F60: NA | G60: HiZ | H60: I | I60: HiZ | J60: I | K60: PU=0 | L60: PD=0
A61: =PIN_MUX!C60 -> Y12 | B61: =PIN_MUX!D60 -> SD0_DATA_1 | C61: =[1]PIN_MUX!K67 -> SD0_DATA_1 | D61: Func0 | E61: HiZ | F61: NA | G61: HiZ | H61: I | I61: HiZ | J61: I | K61: PU=0 | L61: PD=0
A62: =PIN_MUX!C61 -> W11 | B62: =PIN_MUX!D61 -> SD0_DATA_2 | C62: =[1]PIN_MUX!K68 -> SD0_DATA_2 | D62: Func0 | E62: HiZ | F62: NA | G62: HiZ | H62: I | I62: HiZ | J62: I | K62: PU=0 | L62: PD=0
A63: =PIN_MUX!C62 -> Y11 | B63: =PIN_MUX!D62 -> SD0_DATA_3 | C63: =[1]PIN_MUX!K69 -> SD0_DATA_3 | D63: Func0 | E63: HiZ | F63: NA | G63: HiZ | H63: I | I63: HiZ | J63: I | K63: PU=0 | L63: PD=0
A64: =PIN_MUX!C63 -> M15 | B64: =PIN_MUX!D63 -> XAIN0_SADC | C64: =[1]PIN_MUX!L70 -> GPIO26 | D64: Func1 | E64: HiZ | F64: NA | G64: HiZ | H64: I | I64: HiZ | J64: I | K64: PU=0 | L64: PD=0
A65: =PIN_MUX!C64 -> N16 | B65: =PIN_MUX!D64 -> XAIN1_SADC | C65: =[1]PIN_MUX!L71 -> GPIO27 | D65: Func1 | E65: HiZ | F65: NA | G65: HiZ | H65: I | I65: HiZ | J65: I | K65: PU=0 | L65: PD=0
A66: =PIN_MUX!C65 -> N15 | B66: =PIN_MUX!D65 -> XAIN2_SADC | C66: =[1]PIN_MUX!L72 -> GPIO24 | D66: Func1 | E66: HiZ | F66: NA | G66: HiZ | H66: I | I66: HiZ | J66: I | K66: PU=0 | L66: PD=0
A67: =PIN_MUX!C66 -> P15 | B67: =PIN_MUX!D66 -> XAIN3_SADC | C67: =[1]PIN_MUX!L73 -> GPIO25 | D67: Func1 | E67: HiZ | F67: NA | G67: HiZ | H67: I | I67: HiZ | J67: I | K67: PU=0 | L67: PD=0
A68: =PIN_MUX!C67 -> W10 | B68: =PIN_MUX!D67 -> GPIO28 | C68: =[1]PIN_MUX!K74 -> GPIO28 | D68: Func0 | E68: HiZ | F68: NA | G68: HiZ | H68: I | I68: HiZ | J68: I | K68: PU=0 | L68: PD=0
A69: =PIN_MUX!C68 -> Y10 | B69: =PIN_MUX!D68 -> GPIO29 | C69: =[1]PIN_MUX!K75 -> GPIO29 | D69: Func0 | E69: HiZ | F69: NA | G69: HiZ | H69: I | I69: HiZ | J69: I | K69: PU=0 | L69: PD=0
A71: 电平状态说明： L:输出低电平； H:输出高电平； HiZ:输入高阻态,由芯片外部状态决定； NA：不适用 PU:输入态带内部上拉； PD:输入态带内部下拉； X:输出状态不确定 0/1: 期间有翻转

Sheet temp_file
A1: VSS | B1: W13
A2: DDR_ODT | B2: A2
A3: DDR_A14 | B3: A3
A4: nan | B4: Y18
A5: DDR_A1 | B5: A5
A6: DDR_BA1 | B6: A6
A7: DDR_CKE | B7: A8
A8: DDR_CLK_N | B8: A9
A9: DDR_DQ1 | B9: A11
A10: DDR_DQ4 | B10: A13
A11: DDR_DQS1_P | B11: A15
A12: DDR_DQS0_N | B12: A16
... A180: CKP_MIPI | B180: Y17
A182: DN0_MIPI | B182: 1
A183: DP0_MIPI | B183: 2
A184: DP1_MIPI | B184: 3
A185: DN1_MIPI | B185: 4
A186: CKN_MIPI | B186: 5
A187: CKP_MIPI | B187: 6
A188: REXT_MIPI | B188: 7
A189: SENSOR_RSTN | B189: 8
A190: SENSOR_CLK | B190: 9
A191: I2C0_SDA | B191: 10
A192: I2C0_SCL | B192: 11
A193: XAIN0_SADC | B193: 12
... A261: VDDA_RTC | B261: 44

Sheet 管脚列表BGA
B2: BGA
B3: Pin# | C3: Pin_Name | D3: Remark
B4: A1 | C4: VSS | D4: 地
B5: B1 | C5: DDR_CAL | D5: 外接240Ω电阻(±1%) （不能与DDR_ZQ共用）
B6: C1 | C6: DDR_ZQ | D6: 外接240Ω电阻(±1%) （不能与DDR_CAL共用）
B7: D1 | C7: RESETN | D7: 1.8V 信号
B8: E1 | C8: CLK_IN | D8: 1.8V 24M晶体输入。
B9: F1 | C9: NA | D9: NA
B10: G1 | C10: XIN_RTC | D10: RTC晶体输入。
B11: H1 | C11: NA | D11: NA
B12: J1 | C12: GPIO3 | D12: 3.3V 通用输入输出。
B13: K1 | C13: NA | D13: NA
B14: L1 | C14: I2C1_SDA | D14: 3.3V I2C总线1时钟。
... B363: Y18 | C363: NA | D363: NA

Sheet 更新记录
A1: 日期 | B1: 版本 | D1: 更新记录：
A2: 45012 | B2: 1 | D2: 新建pinout。
